{"cameraMode":{"drawMode":0,"name":"Shaded","section":"Shading Mode"},"sceneLighting":false,"audioPlay":false,"sceneViewState":{"m_AlwaysRefresh":false,"showFog":false,"showSkybox":false,"showFlares":false,"showImageEffects":false,"showParticleSystems":false,"showVisualEffectGraphs":false,"m_FxEnabled":true},"in2DMode":false,"pivot":{"x":0.08027315139770508,"y":0.059934377670288089,"z":0.12735998630523683},"rotation":{"x":0.13489535450935365,"y":0.4483382999897003,"z":-0.068499855697155,"w":0.8814716935157776},"size":1.1974256038665772,"orthographic":false}