{"cameraMode":{"drawMode":0,"name":"Shaded","section":"Shading Mode"},"sceneLighting":true,"audioPlay":false,"sceneViewState":{"m_AlwaysRefresh":false,"showFog":false,"showSkybox":false,"showFlares":false,"showImageEffects":false,"showParticleSystems":false,"showVisualEffectGraphs":false,"m_FxEnabled":true},"in2DMode":false,"pivot":{"x":6.995303153991699,"y":1.8443684577941895,"z":3.5285067558288576},"rotation":{"x":0.16022348403930665,"y":-0.00006435566319851205,"z":0.00005101192800793797,"w":0.9877657890319824},"size":0.9553707838058472,"orthographic":false}